resource,scope,candidate_max,advertised_count,minimum_release_count,per_owner_limit,selection_rule,enforcement,non_guarantee
LIVE_DEMUX,SERVICE_GLOBAL,8,CAPABILITY_SNAPSHOT_FIELD,1,N/A,Atomically reserve one complete explicit C8/C4/C2/C1 resource vector; commit the largest fully reserved tuple; rollback the whole provisional vector on any component failure; C1 is mandatory.,The immutable CapabilitySnapshot is the sole caps/admission/cleanup authority; CleanupPending and Quarantined remain counted until terminal release.,Caller-requested FMQ bytes are not implied by object count and remain transactional.
FILTER_TS,SERVICE_GLOBAL,32,CAPABILITY_SNAPSHOT_FIELD,1,N/A,Atomically reserve one complete explicit C8/C4/C2/C1 resource vector; commit the largest fully reserved tuple; rollback the whole provisional vector on any component failure; C1 is mandatory.,The immutable CapabilitySnapshot is the sole caps/admission/cleanup authority; CleanupPending and Quarantined remain counted until terminal release.,Caller-requested FMQ bytes are not implied by object count and remain transactional.
FILTER_SECTION,SERVICE_GLOBAL,8,CAPABILITY_SNAPSHOT_FIELD,1,N/A,Atomically reserve one complete explicit C8/C4/C2/C1 resource vector; commit the largest fully reserved tuple; rollback the whole provisional vector on any component failure; C1 is mandatory.,The immutable CapabilitySnapshot is the sole caps/admission/cleanup authority; CleanupPending and Quarantined remain counted until terminal release.,Caller-requested FMQ bytes are not implied by object count and remain transactional.
FILTER_AUDIO,SERVICE_GLOBAL,4,CAPABILITY_SNAPSHOT_FIELD,1,N/A,Atomically reserve one complete explicit C8/C4/C2/C1 resource vector; commit the largest fully reserved tuple; rollback the whole provisional vector on any component failure; C1 is mandatory.,The immutable CapabilitySnapshot is the sole caps/admission/cleanup authority; CleanupPending and Quarantined remain counted until terminal release.,Each published AV filter additionally owns 8 ledger entries and 8 MiB reserved AV budget; no live eviction.
FILTER_VIDEO,SERVICE_GLOBAL,4,CAPABILITY_SNAPSHOT_FIELD,1,N/A,Atomically reserve one complete explicit C8/C4/C2/C1 resource vector; commit the largest fully reserved tuple; rollback the whole provisional vector on any component failure; C1 is mandatory.,The immutable CapabilitySnapshot is the sole caps/admission/cleanup authority; CleanupPending and Quarantined remain counted until terminal release.,Each published AV filter additionally owns 8 ledger entries and 8 MiB reserved AV budget; no live eviction.
FILTER_PES,SERVICE_GLOBAL,8,CAPABILITY_SNAPSHOT_FIELD,1,N/A,Atomically reserve one complete explicit C8/C4/C2/C1 resource vector; commit the largest fully reserved tuple; rollback the whole provisional vector on any component failure; C1 is mandatory.,The immutable CapabilitySnapshot is the sole caps/admission/cleanup authority; CleanupPending and Quarantined remain counted until terminal release.,Caller-requested FMQ bytes are not implied by object count and remain transactional.
FILTER_PCR,SERVICE_GLOBAL,4,CAPABILITY_SNAPSHOT_FIELD,1,N/A,Atomically reserve one complete explicit C8/C4/C2/C1 resource vector; commit the largest fully reserved tuple; rollback the whole provisional vector on any component failure; C1 is mandatory.,The immutable CapabilitySnapshot is the sole caps/admission/cleanup authority; CleanupPending and Quarantined remain counted until terminal release.,Caller-requested FMQ bytes are not implied by object count and remain transactional.
DVR_PLAYBACK,SERVICE_GLOBAL,8,CAPABILITY_SNAPSHOT_FIELD,1,1 per demux,Atomically reserve one complete explicit C8/C4/C2/C1 resource vector; commit the largest fully reserved tuple; rollback the whole provisional vector on any component failure; C1 is mandatory.,The immutable CapabilitySnapshot is the sole caps/admission/cleanup authority; CleanupPending and Quarantined remain counted until terminal release.,"When VtsEnvironmentProfile is UNBOUND, no XML/module/scenario is selected and VTS admission is forbidden. When BOUND, requested queue bytes come only from the declared static variant and remain transactional; no C1/default fallback."
DVR_RECORD,SERVICE_GLOBAL,8,CAPABILITY_SNAPSHOT_FIELD,1,1 per demux,Atomically reserve one complete explicit C8/C4/C2/C1 resource vector; commit the largest fully reserved tuple; rollback the whole provisional vector on any component failure; C1 is mandatory.,The immutable CapabilitySnapshot is the sole caps/admission/cleanup authority; CleanupPending and Quarantined remain counted until terminal release.,"When VtsEnvironmentProfile is UNBOUND, no XML/module/scenario is selected and VTS admission is forbidden. When BOUND, requested queue bytes come only from the declared static variant and remain transactional; no C1/default fallback."
